mouse,genotype,dob,dot,age,old
4728,wt,,,,FALSE
4729,wt,,,,FALSE
4730,wt,,,,FALSE
4734,wt,,,,FALSE
4735,tg,,,,FALSE
4736,wt,,,,FALSE
4737,wt,,,,FALSE
4745,tg,,,,FALSE
4749,tg,,,,FALSE
4750,wt,,,,FALSE
4752,tg,,,,FALSE
4753,tg,,,,FALSE
4839,tg,,,,FALSE
4840,wt,,,,FALSE
4841,tg,,,,FALSE
4842,wt,,,,FALSE
4843,tg,,,,FALSE
4844,tg,,,,FALSE
4849,tg,,,,FALSE
4850,tg,,,,FALSE
4855,wt,,,,FALSE
4856,tg,,,,FALSE
4857,wt,,,,FALSE
4858,tg,,,,FALSE
4859,wt,,,,FALSE
4860,tg,,,,FALSE
4932,tg,,,,FALSE
4933,tg,,,,FALSE
4934,tg,,,,FALSE
4937,tg,,,,FALSE
4938,tg,,,,FALSE
4939,tg,,,,FALSE
4945,tg,,,,FALSE
4948,tg,,,,FALSE
4953,tg,,,,FALSE
4935,wt,,,,FALSE
4942,wt,,,,FALSE
4943,wt,,,,FALSE
4944,wt,,,,FALSE
4947,wt,,,,FALSE
4951,wt,,,,FALSE
4952,wt,,,,FALSE
4874,ds5/-,2019-12-05,2021-05-16,528,TRUE
4875,ds5/-,2019-12-05,2021-05-16,528,TRUE
4900,ds5/+,2019-12-31,2021-06-08,525,TRUE
4901,ds5/-,2019-12-31,2021-06-08,525,TRUE
4909,ds5/-,2019-12-31,2021-06-08,525,TRUE
4910,ds5/-,2019-12-31,2021-06-08,525,TRUE
4911,ds5/-,2019-12-31,2021-06-08,525,TRUE
4912,ds5/-,2019-12-31,2021-06-08,525,TRUE
4913,ds5/-,2019-12-31,2021-06-08,525,TRUE
4914,ds5/-,2019-12-31,2021-06-08,525,TRUE
4895,ds5/-,2019-12-31,2021-07-14,561,TRUE
4896,ds5/-,2019-12-31,2021-07-14,561,TRUE
4897,ds5/-,2019-12-31,2021-07-14,561,TRUE
4908,ds5/-,2019-12-31,2021-07-14,561,TRUE
5013,ds5/ds5,2021-06-03,2021-08-07,65,FALSE
5014,ds5/-,2021-06-03,2021-08-07,65,FALSE
5015,ds5/ds5,2021-06-03,2021-08-07,65,FALSE
5030,ds5/-,2021-06-12,2021-08-16,65,FALSE
5031,ds5/-,2021-06-12,2021-08-16,65,FALSE
5032,ds5/ds5,2021-06-12,2021-08-16,65,FALSE
5033,ds5/ds5,2021-06-12,2021-08-16,65,FALSE
5035,ds5/ds5,2021-01-05,2021-09-11,249,TRUE
5036,ds5/ds5,2021-01-05,2021-09-11,249,TRUE
5037,ds5/ds5,2021-01-05,2021-09-11,249,TRUE
5038,ds5/ds5,2021-01-05,2021-09-11,249,TRUE
5039,ds5/ds5,2021-01-05,2021-09-11,249,TRUE
5069,ds5/ds5,2021-07-27,2021-10-02,67,FALSE
5070,ds5/ds5,2021-07-27,2021-10-02,67,FALSE
5071,ds5/ds5,2021-07-27,2021-10-02,67,FALSE
5080,ds5/-,2021-07-30,2021-10-07,69,FALSE
5081,ds5/-,2021-07-30,2021-10-07,69,FALSE
5082,ds5/ds5,2021-07-30,2021-10-07,69,FALSE
5083,ds5/-,2021-07-30,2021-10-07,69,FALSE
5089,ds5/-,2021-10-25,2022-01-13,80,FALSE
5090,ds5/-,2021-10-25,2022-01-13,80,FALSE
5091,ds5/-,2021-10-25,2022-01-13,80,FALSE
5138,ds5/ds5,,,,FALSE
5140,ds5/ds5,,,,FALSE
5141,ds5/-,,,,FALSE
5142,ds5/-,,,,FALSE
5143,ds5/-,,,,FALSE
5146,ds5/ds5,,,,FALSE
5147,ds5/-,,,,FALSE
5148,ds5/-,,,,FALSE
5330,tg,,,,FALSE
5331,tg,,,,FALSE
5335,tg,,,,FALSE
5336,tg,,,,FALSE
5370,tg,,,,FALSE
5371,wt,,,,FALSE
5373,wt,,,,FALSE
5375,wt,,,,FALSE
5381,ds5/-,,,,FALSE
5493,tg,,,,FALSE
5494,wt,,,,FALSE
5495,wt,,,,FALSE
5500,wt,,,,FALSE
5506,ds5/-,,,,FALSE